<?xml version="1.0" encoding="UTF-8"?>
<parameters><param id="default_building"><name>default_building</name><value>1</value></param><param id="default_room"><name>default_room</name><value>1</value></param><param id="default_method_of_payment"><name>default_method_of_payment</name><value>1</value></param><param id="default_computer"><name>default_computer</name><value>0</value></param><param id="default_num_to_display"><name>default_num_to_display</name><value>50</value></param><param id="default_follow_moderator"><name>default_follow_moderator</name><value></value></param><param id="default_language"><name>default_language</name><value>fr</value></param><param id="default_currency"><name>default_currency</name><value>1</value></param><param id="def_mysql_port"><name>def_mysql_port</name><value>3306</value></param><param id="def_pgsql_port"><name>def_pgsql_port</name><value>5432</value></param>
    <param id="reservation_min_time">
        <name>reservation_min_time</name>
        <value>8</value></param>
    <param id="reservation_max_time">
        <name>reservation_max_time</name>
        <value>18</value></param></parameters>
